{"flutter":{"platforms":{"android":{"default":{"projectId":"project-c46d3","appId":"1:196196178692:android:addf49ebba951a4431ce51","fileOutput":"android/app/google-services.json"}},"dart":{"lib/firebase_options.dart":{"projectId":"project-c46d3","configurations":{"android":"1:196196178692:android:addf49ebba951a4431ce51","ios":"1:196196178692:ios:e0f62ebbe1476d6f31ce51","macos":"1:196196178692:ios:e0f62ebbe1476d6f31ce51","web":"1:196196178692:web:d7c1f47e9ee4f3ea31ce51","windows":"1:196196178692:web:95807286a192597b31ce51"}}}}}}