{
  "project_info": {
    "project_number": "196196178692",
    "project_id": "project-c46d3",
    "storage_bucket": "project-c46d3.firebasestorage.app"
  },
  "client": [
    {
      "client_info": {
        "mobilesdk_app_id": "1:196196178692:android:addf49ebba951a4431ce51",
        "android_client_info": {
          "package_name": "com.example.attendance_performance_demo"
        }
      },
      "oauth_client": [],
      "api_key": [
        {
          "current_key": "AIzaSyDvEm76U1_uG5tYFUhGynXZkanadhBHwjA"
        }
      ],
      "services": {
        "appinvite_service": {
          "other_platform_oauth_client": []
        }
      }
    }
  ],
  "configuration_version": "1"
}